{
  "CreditCardFraud": {
    "base_lr": 0.0035801347101830825,
    "eps": 5.602651860822652e-08,
    "epochs": 8,
    "batch_size": 8192
  },
  "HIGGS": {
    "base_lr": 0.0055219579432839744,
    "eps": 3.2468692859726945e-09,
    "epochs": 8,
    "batch_size": 4096
  },
  "SUSY": {
    "base_lr": 0.0013706424415083963,
    "eps": 1.922300840428287e-09,
    "epochs": 10,
    "batch_size": 1024
  },
  "KDDCup99": {
    "base_lr": 0.018859749269881067,
    "eps": 9.343459559523171e-11,
    "epochs": 1,
    "batch_size": 8192
  },
  "Covertype": {
    "base_lr": 0.01527223129800899,
    "eps": 5.1418064711309445e-12,
    "epochs": 4,
    "batch_size": 65536
  },
  "Synthetic": {
    "base_lr": 0.19116879230883235,
    "eps": 1.3887387911209016e-11,
    "epochs": 3,
    "batch_size": 1024
  },
  "Avazu": {
    "base_lr": 0.005782178469374114,
    "eps": 4.808686204831486e-07,
    "epochs": 7,
    "batch_size": 2048
  }
}